Kode Produk;Produk;Status Produk Saat Ini;Kode Variasi;Nama Variasi;Pengunjung Produk (Kunjungan);Halaman Produk Dilihat;Pengunjung Melihat Tanpa Membeli;Tingkat Pengunjung Melihat Tanpa Membeli;Klik Pencarian;Suka;Pengunjung Produk (Menambahkan Produk ke Keranjang);Dimasukkan ke Keranjang (Produk);Tingkat Konversi Produk Dimasukkan ke Keranjang;Total Pembeli (Pesanan Dibuat);Produk (Pesanan Dibuat);Total Penjualan (Pesanan Dibuat) (IDR);Tingkat Konversi (Pesanan yang Dibuat);Total Pembeli (Pesanan Siap Dikirim);Produk (Pesanan Siap Dikirim);Penjualan (Pesanan Siap Dikirim) (IDR);Tingkat Konversi (Pesanan Siap Dikirim);Tingkat Konversi (Pesanan Siap Dikirim dibagi Pesanan Dibuat);% Pembelian Ulang (Pesanan Siap Dikirim)
28804814343;CATRIDGE HP 678 BLACK / COLOR ORIGINAL 100%;Normal;0;-;13;21;3;23;9;1;1;2;7,69;1;6;1631350,00;7,69;1;2;544450,00;7,69;100,00;0,00
28804814343;CATRIDGE HP 678 BLACK / COLOR ORIGINAL 100%;Normal;1,95228E+11;Hitam;0;0;0;0;0;0;1;1;0,00;0;0;0,00;0,00;0;0;0,00;0,00;0,00;0,00
28804814343;CATRIDGE HP 678 BLACK / COLOR ORIGINAL 100%;Normal;1,95228E+11;Hitam dan Warna;0;0;0;0;0;0;1;1;0,00;1;6;1631350,00;0,00;1;2;544450,00;0,00;100,00;0,00
29954717517;Mouse Wireless Logitech M170;Normal;0;-;63;174;30;48;44;2;16;24;25,40;3;3;363651,00;4,76;3;3;363651,00;4,76;100,00;0,00
25283156318;Laptop HP 14S-FQ1136AU (GOLD) , (Ryzen5-5500U, 8GB DDR4, 512 GB PCIe NVMe™ M.2 SSD, NO ODD, 14 FHD IPS;" Backlit Keyboard Win11 + OHS)""""";Normal;0;-;54;111;21;39;30;0;4;6,00;7;1;2,00;12838000,00;2;1;2,00;12838000,00;1,85;100,00
24033264671;Flashdisk ROBOT RF108 8GB Rotatable;Normal;0;-;13;15;7;54;8;0;3;3;23,08;1;1;45910,00;7,69;1;1;45910,00;7,69;100,00;0,00
24383180403;Epson L3210 All In One - Print Scan Copy EcoTank Printer Multifungsi;Normal;0;-;38;79;15;39;32;0;6;11;15,79;1;1;2589000,00;2,63;0;0;0,00;0,00;0,00;0,00
24933935477;COOLING PAD VOXY N32;Normal;0;-;3;6;2;67;1;0;1;1;33,33;1;1;47000,00;33,33;1;1;47000,00;33,33;100,00;0,00
25483232378;CATRIDGE HP 680 BLACK / COLOR ORIGINAL 100%;Normal;0;-;21;49;8;38;11;0;9;15;42,86;1;1;138685,00;4,76;1;1;138685,00;4,76;100,00;0,00
25483232378;CATRIDGE HP 680 BLACK / COLOR ORIGINAL 100%;Normal;2,56162E+11;Hitam;0;0;0;0;0;0;4;5;0,00;1;1;138685,00;0,00;1;1;138685,00;0,00;100,00;0,00
25483232378;CATRIDGE HP 680 BLACK / COLOR ORIGINAL 100%;Normal;2,56162E+11;Warna (CMY);0;0;0;0;0;0;3;5;0,00;0;0;0,00;0,00;0;0;0,00;0,00;0,00;0,00
25483232378;CATRIDGE HP 680 BLACK / COLOR ORIGINAL 100%;Normal;2,56162E+11;Hitam dan Warna;0;0;0;0;0;0;3;5;0,00;0;0;0,00;0,00;0;0;0,00;0,00;0,00;0,00
27106039687;Asus VivoBook 14 A416MAO-FHD426 Grey Intel  N4020 8GB 256SSD FHD W11 OHS;Normal;0;-;82;144;32;39;72;0;14;14;17,07;1;1;4573000,00;1,22;1;1;4573000,00;1,22;100,00;0,00
27806092548;CATRIDGE HP 682 BLACK / COLOR ORIGINAL 100%;Normal;0;-;5;6;0;0;5;0;2;2;40,00;1;1;154000,00;20,00;1;1;154000,00;20,00;100,00;0,00
27806092548;CATRIDGE HP 682 BLACK / COLOR ORIGINAL 100%;Normal;1,97673E+11;Hitam;0;0;0;0;0;0;2;2;0,00;1;1;154000,00;0,00;1;1;154000,00;0,00;100,00;0,00
29154998130;LOGITECH MK220 WIRELESS USB KEYBOARD & MOUSE;Normal;0;-;15;25;6;40;11;0;3;3;20,00;1;1;289254,00;6,67;1;1;289254,00;6,67;100,00;0,00
29854688644;Epson L121 - Print Only Inktank - L series;Normal;0;-;7;9;5;71;0;0;1;1;14,29;1;1;1869926,00;14,29;0;0;0,00;0,00;0,00;0,00
29904654709;Laptop HP 245 G10 Ryzen 3 7320U 8GB RAM 256GB SSD Windows 11 14 Inch;Normal;0;-;97;172;52;54;85;0;12;17;12,37;1;1;5356074,00;1,03;0;0;0,00;0,00;0,00;0,00
24083861305;Kabel Power Printer Wintech 1.2m;Normal;0;-;1;1;0;0;0;0;0;0;0,00;0;0;0,00;0,00;0;0;0,00;0,00;0,00;0,00
24433156608;Laptop HP 14S-FQ1009AU (Silver) (Ryzen3-5300U, 4GB+4GB DDR4 512 GB PCIe NVMe™ M.2 SSD, NO ODD, 14 FHD IPS; Backlit Keyboard;" Win11 + OHS)""""";Normal;0;-;10;25;6;60;4;0;0,00;0;0;0,00;0,00;0;0;0,00;0,00;0,00;0,00
24683860832;Cartridge Canon 745s dan 746s Original 100%;Normal;0;-;4;7;0;0;3;0;0;0;0,00;0;0;0,00;0,00;0;0;0,00;0,00;0,00;0,00
24783212180;Tidak dapat memperoleh informasi produk karena penghapusan;Dihapus;0;-;2;8;1;50;1;0;0;0;0,00;0;0;0,00;0,00;0;0;0,00;0,00;0,00;0,00
24934012231;LED TV AKARI AT-5532B Android Smart TV 32 Inc With Bluetooth;Normal;0;-;1;3;0;0;0;0;0;0;0,00;0;0;0,00;0,00;0;0;0,00;0,00;0,00;0,00
25783170922;HP 14S DQ5118TU Core i5 1235U 8GB 512SSD W11+OHS 14.0 FHD IPS;Normal;0;-;5;6;3;60;2;1;0;0;0,00;0;0;0,00;0,00;0;0;0,00;0,00;0,00;0,00
26105230229;Mousepad dengan bantalan polos Ning Bo;Normal;0;-;1;1;0;0;0;0;0;0;0,00;0;0;0,00;0,00;0;0;0,00;0,00;0,00;0,00
26106045037;Asus Vivobook Go 14 E1404FA-FHD554 R5-7520U 8GB 512SSD FHD W11 OHS;Normal;0;-;8;23;2;25;7;0;1;2;12,50;0;0;0,00;0,00;0;0;0,00;0,00;0,00;0,00
26154695648;"HP 14S DQ5777TU Intel Core I3 1215U RAM 8GB/12GB 256GB SSD Win11 OHS 14FHD BACKLIT 2YEAR SILVER""""";Normal;0;-;12;25;8;67;4;2;1;1;8,33;0;0;0,00;0,00;0;0;0,00;0,00;0,00;0,00
26354713880;Tidak dapat memperoleh informasi produk karena penghapusan;Dihapus;0;-;2;3;1;50;0;0;1;1;50,00;0;0;0,00;0,00;0;0;0,00;0,00;0,00;0,00
26454685209;Printer Ink Tank CANON PIXMA G2010 - Print Scan Copy - Printer Multifungsi;Normal;0;-;5;12;2;40;1;0;2;3;40,00;0;0;0,00;0,00;0;0;0,00;0,00;0,00;0,00
26704695211;Laptop HP Pavilion Aero 13-be2004AU Ryzen 7-7735U 1TB SSD 16GB Win+OHS Original;Normal;0;-;18;24;9;50;17;1;1;1;5,56;0;0;0,00;0,00;0;0;0,00;0,00;0,00;0,00
26706338759;Acer Aspire 5 Slim A514-56P-57Q8 i5-1335U 8GB 512SSD WUXGA W11 OHS;Normal;0;-;1;2;0;0;1;0;0;0;0,00;0;0;0,00;0,00;0;0;0,00;0,00;0,00;0,00
26904967057;M-Tech Keyboard PC Laptop Mini Multimedia MTK 02;Normal;0;-;1;1;0;0;0;0;0;0;0,00;0;0;0,00;0,00;0;0;0,00;0,00;0,00;0,00
27004693674;Tidak dapat memperoleh informasi produk karena penghapusan;Dihapus;0;-;5;9;0;0;4;2;1;1;20,00;0;0;0,00;0,00;0;0;0,00;0,00;0,00;0,00
27006042212;Asus Vivobook Go 14 E1404FA-FHD321 R3-7320U 8GB 256SSD W11 OHS;Normal;0;-;7;19;3;43;4;0;1;1;14,29;0;0;0,00;0,00;0;0;0,00;0,00;0,00;0,00
27056040041;USB Hub 3.0 4 Port;Normal;0;-;1;2;0;0;0;0;0;0;0,00;0;0;0,00;0,00;0;0;0,00;0,00;0,00;0,00
27154686667;Canon PIXMA MG2570S;Normal;0;-;2;4;1;50;0;0;0;0;0,00;0;0;0,00;0,00;0;0;0,00;0,00;0,00;0,00
27404695651;HP Laptop 14s-dq3109TU 14;N4500;8GB;256GB;Silver; UMA; W11;" OHS 2021""""";Normal;0;-;57;77,00;27;47;33,00;1,00;7;8;12,28;0,00;0,00;0,00
27456039368;Asus Vivobook A1400EA-FHD7523 Pentium Gold 7505 4GB 256SSD W11;Normal;0;-;10;23;3;30;4;0;2;3;20,00;0;0;0,00;0,00;0;0;0,00;0,00;0,00;0,00
27706339381;ADVAN Workpro i5-1035G7 8GB 256GB SSD FHD IPS W11;Normal;0;-;6;13;2;33;1;0;2;2;33,33;0;0;0,00;0,00;0;0;0,00;0,00;0,00;0,00
27804882484;FLASHDISK DAP 16GB;Normal;0;-;3;4;1;33;0;0;2;2;66,67;0;0;0,00;0,00;0;0;0,00;0,00;0,00;0,00
27904998169;KEYBOARD NUMERIC VOXY K80;Normal;0;-;3;3;2;67;2;0;0;0;0,00;0;0;0,00;0,00;0;0;0,00;0,00;0,00;0,00
28155224921;Tinta Data Print Canon DP-40 Hitam/ DP-41 Warna;Normal;0;-;2;3;1;50;2;0;1;3;50,00;0;0;0,00;0,00;0;0;0,00;0,00;0,00;0,00
28155224921;Tinta Data Print Canon DP-40 Hitam/ DP-41 Warna;Normal;2,07649E+11;Hitam + Warna (CMY);0;0;0;0;0;0;1;3;0,00;0;0;0,00;0,00;0;0;0,00;0,00;0,00;0,00
28156091724;Cartridge Canon 810 Black dan 811 Colour;Normal;0;-;18;26;1;6;16;0;1;3;5,56;0;0;0,00;0,00;0;0;0,00;0,00;0,00;0,00
28156091724;Cartridge Canon 810 Black dan 811 Colour;Normal;2,51252E+11;Warna (CMY);0;0;0;0;0;0;1;3;0,00;0;0;0,00;0,00;0;0;0,00;0,00;0,00;0,00
28206343580;Tinta Canon Pixma 790 Black, Cyan, Magenta, Yellow Original;Normal;0;-;1;1;0;0;0;0;0;0;0,00;0;0;0,00;0,00;0;0;0,00;0,00;0,00;0,00
28404693008;Laptop HP 14s-dq5120TU i7-1255U 512GB SSD 16GB Win11+OHS;Normal;0;-;17;21;9;53;12;1;1;1;5,88;0;0;0,00;0,00;0;0;0,00;0,00;0,00;0,00
28406037286;Tinta Blueprint Original 100 ML Black and Color Untuk Printer Canon;Normal;0;-;1;5;0;0;0;0;0;0;0,00;0;0;0,00;0,00;0;0;0,00;0,00;0,00;0,00
28454689399;Tidak dapat memperoleh informasi produk karena penghapusan;Dihapus;0;-;6;14;4;67;3;0;0;0;0,00;0;0;0,00;0,00;0;0;0,00;0,00;0,00;0,00
28504687943;HP Printer Ink Tank 315 (Print, Scan, Copy) Printer Murah Multifungsi F4 Isi Ulang All In One;Normal;0;-;6;24;4;67;1;0;2;4;33,33;0;0;0,00;0,00;0;0;0,00;0,00;0,00;0,00
28604780015;Tidak dapat memperoleh informasi produk karena penghapusan;Dihapus;0;-;2;2;0;0;1;0;0;0;0,00;0;0;0,00;0,00;0;0;0,00;0,00;0,00;0,00
28606096675;Tinta Epson 003 Hitam dan Warna;Normal;0;-;3;4;2;67;3;0;0;0;0,00;0;0;0,00;0,00;0;0;0,00;0,00;0,00;0,00
28606334647;Acer Aspire Lite AL14-31P-C0G4 Intel N100 8GB 512SSD WUXGA IPS W11 OHS;Normal;0;-;1;1;0;0;1;0;0;0;0,00;0;0;0,00;0,00;0;0;0,00;0,00;0,00;0,00
28754689516;Printer Epson L5290 Wi-Fi All-in-One Ink Tank Printer with ADF;Normal;0;-;10;12;6;60;7;0;0;0;0,00;0;0;0,00;0,00;0;0;0,00;0,00;0,00;0,00
29154686851;Printer Canon PIXMA IP2770;Normal;0;-;18;28;7;39;15;0;2;2;11,11;0;0;0,00;0,00;0;0;0,00;0,00;0,00;0,00
29204695253;Laptop HP 14s-dq5115TU i3-1215U 512GB SSD 4GB Win11+OHS;Normal;0;-;5;7;3;60;2;1;0;0;0,00;0;0;0,00;0,00;0;0;0,00;0,00;0,00;0,00
29354815857;M-Tech SY- 7030 Original Mouse Wireless FREE Battery;Normal;0;-;6;10;3;50;5;0;1;1;16,67;0;0;0,00;0,00;0;0;0,00;0,00;0,00;0,00
29356094430;Tinta HP GT52 Yellow, Cyan dan Magenta;Normal;0;-;1;1;0;0;0;0;0;0;0,00;0;0;0,00;0,00;0;0;0,00;0,00;0,00;0,00
29356340750;ACER Aspire 3 14 A314 36M 37EE Core i3 N305 8GB 512GB W11 OHS Silver;Normal;0;-;16;27;6;38;14;0;2;2;12,50;0;0;0,00;0,00;0;0;0,00;0,00;0,00;0,00
29404882102;Tidak dapat memperoleh informasi produk karena penghapusan;Dihapus;0;-;3;3;2;67;0;0;0;0;0,00;0;0;0,00;0,00;0;0;0,00;0,00;0,00;0,00
29456042055;ASUS Vivobook 14 A1404ZA IPS321 Core i3 1215U 8GB 256GB;Normal;0;-;4;6;3;75;2;0;0;0;0,00;0;0;0,00;0,00;0;0;0,00;0,00;0,00;0,00
29556040531;Kabel Usb To Printer Wintech 1.5m;Normal;0;-;1;1;0;0;0;0;0;0;0,00;0;0;0,00;0,00;0;0;0,00;0,00;0,00;0,00
29604713639;Tidak dapat memperoleh informasi produk karena penghapusan;Dihapus;0;-;1;1;0;0;0;0;0;0;0,00;0;0;0,00;0,00;0;0;0,00;0,00;0,00;0,00
29604967384;Keyboard Standard USB M-Tech STK-01 Original;Normal;0;-;1;2;0;0;1;0;1;1;100,00;0;0;0,00;0,00;0;0;0,00;0,00;0,00;0,00
29656699223;Asus TUF A15 FA506NF R525B3T-O R5-7535HS 16GB 512SSD RTX2050 W11 OHS;Normal;0;-;1;1;0;0;0;0;0;0;0,00;0;0;0,00;0,00;0;0;0,00;0,00;0,00;0,00
29804998397;HDD CASE ENCLOSURE VOXY H301 TRANSPARANT;Normal;0;-;1;1;0;0;0;0;0;0;0,00;0;0;0,00;0,00;0;0;0,00;0,00;0,00;0,00
29806038395;Robot M100 Wired Mouse;Normal;0;-;2;5;0;0;1;0;0;0;0,00;0;0;0,00;0,00;0;0;0,00;0,00;0,00;0,00
29854882977;Tidak dapat memperoleh informasi produk karena penghapusan;Dihapus;0;-;4;4;3;75;3;0;0;0;0,00;0;0;0,00;0,00;0;0;0,00;0,00;0,00;0,00
25483232378;CATRIDGE HP 680 BLACK / COLOR ORIGINAL 100%;Normal;0;-;97;204;19;20;89;1;27;57;27,84;12;13;2808690,00;12,37;12;12;2532140,00;12,37;100,00;0,00
25483232378;CATRIDGE HP 680 BLACK / COLOR ORIGINAL 100%;Normal;2,56162E+11;Hitam;0;0;0;0;0;0;10;16;0,00;2;2;293885,00;0,00;2;2;293885,00;0,00;100,00;0,00
25483232378;CATRIDGE HP 680 BLACK / COLOR ORIGINAL 100%;Normal;2,56162E+11;Warna (CMY);0;0;0;0;0;0;7;21;0,00;4;4;556733,00;0,00;4;4;556733,00;0,00;100,00;0,00
25483232378;CATRIDGE HP 680 BLACK / COLOR ORIGINAL 100%;Normal;2,56162E+11;Hitam dan Warna;0;0;0;0;0;0;13;20;0,00;6;7;1958072,00;0,00;6;6;1681522,00;0,00;100,00;0,00
28606096675;Tinta Epson 003 Hitam dan Warna;Normal;0;-;129;220;42;33;117;0;23;34;17,83;7;13;1403233,00;5,43;6;10;885184,00;4,65;85,71;0,00
28606096675;Tinta Epson 003 Hitam dan Warna;Normal;2,41252E+11;Hitam;0;0;0;0;0;0;16;20;0,00;5;7;626684,00;0,00;5;6;539660,00;0,00;100,00;0,00
28606096675;Tinta Epson 003 Hitam dan Warna;Normal;2,41252E+11;Cyan;0;0;0;0;0;0;4;4;0,00;2;3;260215,00;0,00;2;2;173191,00;0,00;100,00;0,00
28606096675;Tinta Epson 003 Hitam dan Warna;Normal;2,41252E+11;Magenta;0;0;0;0;0;0;3;3;0,00;1;1;86167,00;0,00;1;1;86167,00;0,00;100,00;0,00
28606096675;Tinta Epson 003 Hitam dan Warna;Normal;2,41252E+11;Kuning;0;0;0;0;0;0;2;2;0,00;1;1;86167,00;0,00;1;1;86167,00;0,00;100,00;0,00
28606096675;Tinta Epson 003 Hitam dan Warna;Normal;2,41252E+11;Hitam + Warna (CMY);0;0;0;0;0;0;4;5;0,00;1;1;344000,00;0,00;0;0;0,00;0,00;0,00;0,00
27806092548;CATRIDGE HP 682 BLACK / COLOR ORIGINAL 100%;Normal;0;-;35;60;4;11;27;0;12;24;34,29;6;12;2651333,00;17,14;6;10;2041333,00;17,14;100,00;0,00
27806092548;CATRIDGE HP 682 BLACK / COLOR ORIGINAL 100%;Normal;1,97673E+11;Hitam;0;0;0;0;0;0;6;10;0,00;3;5;796452,00;0,00;3;5;796452,00;0,00;100,00;0,00
27806092548;CATRIDGE HP 682 BLACK / COLOR ORIGINAL 100%;Normal;1,97673E+11;Warna (CMY);0;0;0;0;0;0;2;7;0,00;2;2;314484,00;0,00;2;2;314484,00;0,00;100,00;0,00
27806092548;CATRIDGE HP 682 BLACK / COLOR ORIGINAL 100%;Normal;1,97673E+11;Hitam + Warna (CMY);0;0;0;0;0;0;6;7;0,00;2;5;1540397,00;0,00;2;3;930397,00;0,00;100,00;0,00
24383180403;Epson L3210 All In One - Print Scan Copy EcoTank Printer Multifungsi;Normal;0;-;167;252;70;42;152;0;34;43;20,36;3;4;8851903,00;1,80;2;2;4425952,00;1,20;66,67;0,00
29954717517;Mouse Wireless Logitech M170;Normal;0;-;22;45;10;45;12;1;5;7;22,73;2;3;361250,00;9,09;2;2;240500,00;9,09;100,00;0,00
27106039687;Asus VivoBook 14 A416MAO-FHD426 Grey Intel  N4020 8GB 256SSD FHD W11 OHS;Normal;0;-;129;221;58;45;95;0;14;24;10,85;1;2;9346000,00;0,78;0;0;0,00;0,00;0,00;0,00
28155224921;Tinta Data Print Canon DP-40 Hitam/ DP-41 Warna;Normal;0;-;38;74;11;29;33;1;5;10;13,16;2;2;140443,00;5,26;2;2;140443,00;5,26;100,00;0,00
28155224921;Tinta Data Print Canon DP-40 Hitam/ DP-41 Warna;Normal;2,07649E+11;Hitam;0;0;0;0;0;0;1;1;0,00;0;0;0,00;0,00;0;0;0,00;0,00;0,00;0,00
28155224921;Tinta Data Print Canon DP-40 Hitam/ DP-41 Warna;Normal;2,07649E+11;Warna (CMY);0;0;0;0;0;0;1;1;0,00;0;0;0,00;0,00;0;0;0,00;0,00;0,00;0,00
28155224921;Tinta Data Print Canon DP-40 Hitam/ DP-41 Warna;Normal;2,07649E+11;Hitam + Warna (CMY);0;0;0;0;0;0;4;8;0,00;2;2;140443,00;0,00;2;2;140443,00;0,00;100,00;0,00
28804814343;CATRIDGE HP 678 BLACK / COLOR ORIGINAL 100%;Normal;0;-;12;21;1;8;9;0;4;5;33,33;2;2;304887,00;16,67;2;2;304887,00;16,67;100,00;0,00
28804814343;CATRIDGE HP 678 BLACK / COLOR ORIGINAL 100%;Normal;1,95228E+11;Hitam;0;0;0;0;0;0;1;1;0,00;1;1;155653,00;0,00;1;1;155653,00;0,00;100,00;0,00
28804814343;CATRIDGE HP 678 BLACK / COLOR ORIGINAL 100%;Normal;1,95228E+11;Warna (CMY);0;0;0;0;0;0;2;2;0,00;1;1;149234,00;0,00;1;1;149234,00;0,00;100,00;0,00
28804814343;CATRIDGE HP 678 BLACK / COLOR ORIGINAL 100%;Normal;1,95228E+11;Hitam dan Warna;0;0;0;0;0;0;2;2;0,00;0;0;0,00;0,00;0;0;0,00;0,00;0,00;0,00
24083861305;Kabel Power Printer Wintech 1.2m;Normal;0;-;4;6;2;50;0;0;1;1;25,00;1;1;21000,00;25,00;1;1;21000,00;25,00;100,00;0,00
28206343580;Tinta Canon Pixma 790 Black, Cyan, Magenta, Yellow Original;Normal;0;-;30;50;14;47;28;0;5;8;16,67;1;1;447455,00;3,33;1;1;447455,00;3,33;100,00;0,00
28206343580;Tinta Canon Pixma 790 Black, Cyan, Magenta, Yellow Original;Normal;2,15269E+11;Hitam + Warna (CMY);0;0;0;0;0;0;2;4;0,00;1;1;447455,00;0,00;1;1;447455,00;0,00;100,00;0,00
28206343580;Tinta Canon Pixma 790 Black, Cyan, Magenta, Yellow Original;Normal;2,15269E+11;Hitam;0;0;0;0;0;0;2;2;0,00;0;0;0,00;0,00;0;0;0,00;0,00;0,00;0,00
28206343580;Tinta Canon Pixma 790 Black, Cyan, Magenta, Yellow Original;Normal;2,15269E+11;Cyan;0;0;0;0;0;0;1;1;0,00;0;0;0,00;0,00;0;0;0,00;0,00;0,00;0,00
28206343580;Tinta Canon Pixma 790 Black, Cyan, Magenta, Yellow Original;Normal;2,15269E+11;Magenta;0;0;0;0;0;0;1;1;0,00;0;0;0,00;0,00;0;0;0,00;0,00;0,00;0,00
29057330395;Tinta Epson 664 Hitam dan Warna;Normal;0;-;12;22;3;25;3;0;4;4;33,33;1;1;91807,00;8,33;1;1;91807,00;8,33;100,00;0,00
29057330395;Tinta Epson 664 Hitam dan Warna;Normal;2,23079E+11;Hitam;0;0;0;0;0;0;1;1;0,00;1;1;91807,00;0,00;1;1;91807,00;0,00;100,00;0,00
29057330395;Tinta Epson 664 Hitam dan Warna;Normal;2,23079E+11;Magenta;0;0;0;0;0;0;1;1;0,00;0;0;0,00;0,00;0;0;0,00;0,00;0,00;0,00
29057330395;Tinta Epson 664 Hitam dan Warna;Normal;2,23079E+11;Kuning;0;0;0;0;0;0;2;2;0,00;0;0;0,00;0,00;0;0;0,00;0,00;0,00;0,00
29154686851;Printer Canon PIXMA IP2770;Normal;0;-;42;81;21;50;36;0;7;15;16,67;1;1;805116,00;2,38;1;1;805116,00;2,38;100,00;0,00
29356094430;Tinta HP GT52 Yellow, Cyan dan Magenta;Normal;0;-;6;12;4;67;5;0;1;2;16,67;1;1;92400,00;16,67;1;1;92400,00;16,67;100,00;0,00
29356094430;Tinta HP GT52 Yellow, Cyan dan Magenta;Normal;39795654933;Kuning;0;0;0;0;0;0;1;2;0,00;1;1;92400,00;0,00;1;1;92400,00;0,00;100,00;0,00
29456042055;ASUS Vivobook 14 A1404ZA IPS321 Core i3 1215U 8GB 256GB;Normal;0;-;43;77;16;37;35;0;4;5;9,30;1;1;6517000,00;2,33;1;1;6517000,00;2,33;100,00;0,00
22864761433;Logitech M171 Mouse Wireless untuk Windows, Mac, ChromeOS - Off White;Normal;0;-;3;10;1;33;1;0;1;2;33,33;0;0;0,00;0,00;0;0;0,00;0,00;0,00;0,00
24033264671;Flashdisk ROBOT RF108 8GB Rotatable;Normal;0;-;2;3;1;50;0;0;1;1;50,00;0;0;0,00;0,00;0;0;0,00;0,00;0,00;0,00
24083889317;Flashdisk SanDisk Ultra USB 3.0 16GB Dual Drive;Normal;0;-;1;2;0;0;0;0;0;0;0,00;0;0;0,00;0,00;0;0;0,00;0,00;0,00;0,00
24433156608;Laptop HP 14S-FQ1009AU (Silver) (Ryzen3-5300U, 4GB+4GB DDR4 512 GB PCIe NVMe™ M.2 SSD, NO ODD, 14 FHD IPS; Backlit Keyboard;" Win11 + OHS)""""";Normal;0;-;8;40;4;50;1;0;0,00;0;0;0,00;0,00;0;0;0,00;0,00;0,00;0,00
24683860832;Cartridge Canon 745s dan 746s Original 100%;Normal;0;-;22;43;3;14;18;0;4;6;18,18;0;0;0,00;0,00;0;0;0,00;0,00;0,00;0,00
24683860832;Cartridge Canon 745s dan 746s Original 100%;Normal;1,08412E+11;Hitam;0;0;0;0;0;0;2;2;0,00;0;0;0,00;0,00;0;0;0,00;0,00;0,00;0,00
24683860832;Cartridge Canon 745s dan 746s Original 100%;Normal;1,08412E+11;Warna (CMY);0;0;0;0;0;0;2;4;0,00;0;0;0,00;0,00;0;0;0,00;0,00;0,00;0,00
24933935477;COOLING PAD VOXY N32;Normal;0;-;7;15;4;57;1;0;1;1;14,29;0;0;0,00;0,00;0;0;0,00;0,00;0,00;0,00
24934012231;LED TV AKARI AT-5532B Android Smart TV 32 Inc With Bluetooth;Normal;0;-;4;5;3;75;2;0;1;1;25,00;0;0;0,00;0,00;0;0;0,00;0,00;0,00;0,00
25184188930;Asus TUF A15 FA507UV-R946K9M-O R9-8945H 16GB 1TB SSD RTX4060 8GB W11;Diarsipkan;0;-;8;14;4;50;3;0;1;1;12,50;0;0;0,00;0,00;0;0;0,00;0,00;0,00;0,00
25283156318;Laptop HP 14S-FQ1136AU (GOLD) , (Ryzen5-5500U, 8GB DDR4, 512 GB PCIe NVMe™ M.2 SSD, NO ODD, 14 FHD IPS;" Backlit Keyboard Win11 + OHS)""""";Normal;0;-;3;4;2;67;0;0;0;0,00;0;0;0,00;0,00;0;0;0,00;0,00;0,00;0,00
25434603606;Acer Aspire Lite AL14-51M-58U1 i5-1235U 16GB 512SSD 14? WUXGA IPS W11 OHS;Normal;0;-;6;8;4;67;3;0;1;1;16,67;0;0;0,00;0,00;0;0;0,00;0,00;0,00;0,00
25484608742;"ACER NITRO V 15 ANV15-51-542G : I5-13420H 1*8GB DDRV 512SSD 15.6 FHD (144HZ) RTX2050 4GB GDDR6 BACKLIT KEYBOARD""""";Normal;0;-;5;9;4;80;3;0;0;0;0,00;0;0;0,00;0,00;0;0;0,00;0,00;0,00;0,00
25783170922;HP 14S DQ5118TU Core i5 1235U 8GB 512SSD W11+OHS 14.0 FHD IPS;Normal;0;-;2;5;0;0;0;0;0;0;0,00;0;0;0,00;0,00;0;0;0,00;0,00;0,00;0,00
26059205357;Camera CCTV indoor Hilook 2MP ColorVU T127-P;Normal;0;-;1;3;0;0;0;0;0;0;0,00;0;0;0,00;0,00;0;0;0,00;0,00;0,00;0,00
26105230229;Mousepad dengan bantalan polos Ning Bo;Normal;0;-;1;1;0;0;0;0;1;1;100,00;0;0;0,00;0,00;0;0;0,00;0,00;0,00;0,00
26106045037;Asus Vivobook Go 14 E1404FA-FHD554 R5-7520U 8GB 512SSD FHD W11 OHS;Normal;0;-;17;33;7;41;12;0;2;3;11,76;0;0;0,00;0,00;0;0;0,00;0,00;0,00;0,00
26107585699;ASUS VIVOBOOK 14 A1404VA-VIPS551 CORE I5 1335U,8GB, 512GB , 14 INCH, WIN 11 OHS21;Normal;0;-;3;5;1;33;2;0;1;2;33,33;0;0;0,00;0,00;0;0;0,00;0,00;0,00;0,00
26154695648;"HP 14S DQ5777TU Intel Core I3 1215U RAM 8GB/12GB 256GB SSD Win11 OHS 14FHD BACKLIT 2YEAR SILVER""""";Normal;0;-;11;31;3;27;5;0;2;3;18,18;0;0;0,00;0,00;0;0;0,00;0,00;0,00;0,00
26257581877;Acer Nitro V15 ANV15-51-901S i9-13900H 16GB 512SSD RTX4060 8GB FHD 144Hz W11 OHS;Normal;0;-;37;58;25;68;32;0;1;1;2,70;0;0;0,00;0,00;0;0;0,00;0,00;0,00;0,00
26454685209;Printer Ink Tank CANON PIXMA G2010 - Print Scan Copy - Printer Multifungsi;Normal;0;-;3;5;0;0;1;0;0;0;0,00;0;0;0,00;0,00;0;0;0,00;0,00;0,00;0,00
26704695211;Laptop HP Pavilion Aero 13-be2004AU Ryzen 7-7735U 1TB SSD 16GB Win+OHS Original;Normal;0;-;2;4;1;50;1;0;0;0;0,00;0;0;0,00;0,00;0;0;0,00;0,00;0,00;0,00
26706338759;Acer Aspire 5 Slim A514-56P-57Q8 i5-1335U 8GB 512SSD WUXGA W11 OHS;Normal;0;-;13;20;5;38;4;0;1;1;7,69;0;0;0,00;0,00;0;0;0,00;0,00;0,00;0,00
26904967057;M-Tech Keyboard PC Laptop Mini Multimedia MTK 02;Normal;0;-;2;2;1;50;2;0;0;0;0,00;0;0;0,00;0,00;0;0;0,00;0,00;0,00;0,00
26906957913;Robot Mini Hand Fan RT-BF19 Kipas Angin Portebel 1200mah Multi fungsi;Normal;0;-;4;5;3;75;3;0;0;0;0,00;0;0;0,00;0,00;0;0;0,00;0,00;0,00;0,00
27006042212;Asus Vivobook Go 14 E1404FA-FHD321 R3-7320U 8GB 256SSD W11 OHS;Normal;0;-;47;78;20;43;34;0;5;7;10,64;0;0;0,00;0,00;0;0;0,00;0,00;0,00;0,00
27056976103;PowerBank ROBOT 10000mah RT190S 2A Dual Input and Output Port Type C & Micro USB Original Fast Charging Real Capacity;Normal;0;-;10;14;5;50;6;0;2;2;20,00;0;0;0,00;0,00;0;0;0,00;0,00;0,00;0,00
27106960050;ROBOT RT-BF11 Portable Fan, Powerbank 2000mAh Mini Fan Kipas Angin Min;Normal;0;-;4;7;2;50;2;0;0;0;0,00;0;0;0,00;0,00;0;0;0,00;0,00;0,00;0,00
27154686667;Canon PIXMA MG2570S;Normal;0;-;3;6;2;67;0;0;1;1;33,33;0;0;0,00;0,00;0;0;0,00;0,00;0,00;0,00
27154998235;Keyboard Kabel USB Logitech K120 Original;Normal;0;-;3;3;2;67;3;0;1;1;33,33;0;0;0,00;0,00;0;0;0,00;0,00;0,00;0,00
27209036055;Camera CCTV Indoor Hilook 2MP T120-PC;Normal;0;-;1;1;0;0;1;0;0;0;0,00;0;0;0,00;0,00;0;0;0,00;0,00;0,00;0,00
27307989853;"HP 240 G8 Core i3-1115G4 4GB 256GB SSD 14 Windows 11""""";Normal;0;-;9;29;4;44;6;0;0;0;0,00;0;0;0,00;0,00;0;0;0,00;0,00;0,00;0,00
27404695651;HP Laptop 14s-dq3109TU 14;N4500;8GB;256GB;Silver; UMA; W11;" OHS 2021""""";Normal;0;-;4;6,00;1;25;2,00;0,00;0;0;0,00;0,00;0,00;0,00
27406093233;MOUSE LOGITECH B100;Normal;0;-;5;9;2;40;3;0;1;1;20,00;0;0;0,00;0,00;0;0;0,00;0,00;0,00;0,00
27456039368;Asus Vivobook A1400EA-FHD7523 Pentium Gold 7505 4GB 256SSD W11;Normal;0;-;50;76;19;38;36;0;3;4;6,00;0;0;0,00;0,00;0;0;0,00;0,00;0,00;0,00
27506041294;Converter Type C to HDMI;Normal;0;-;2;6;1;50;1;0;0;0;0,00;0;0;0,00;0,00;0;0;0,00;0,00;0,00;0,00
27507321954;Dlink Switch Hub 16-Port Desktop LAN D-Link DES-1016A;Normal;0;-;2;2;0;0;0;0;0;0;0,00;0;0;0,00;0,00;0;0;0,00;0,00;0,00;0,00
27706339381;ADVAN Workpro i5-1035G7 8GB 256GB SSD FHD IPS W11;Normal;0;-;33;58;14;42;27;0;7;10;21,21;0;0;0,00;0,00;0;0;0,00;0,00;0,00;0,00
27707326556;Switch Hub 8 Port  Dahua PFS3008-8ET-L;Normal;0;-;3;4;1;33;2;0;0;0;0,00;0;0;0,00;0,00;0;0;0,00;0,00;0,00;0,00
27804882484;FLASHDISK DAP 16GB;Normal;0;-;1;1;0;0;0;0;1;1;100,00;0;0;0,00;0,00;0;0;0,00;0,00;0,00;0,00
27859380845;HP Smart Tank 500 All-in-One Printer - Print, Scan, Copy;Normal;0;-;1;1;0;0;1;0;0;0;0,00;0;0;0,00;0,00;0;0;0,00;0,00;0,00;0,00
27904998169;KEYBOARD NUMERIC VOXY K80;Normal;0;-;1;1;0;0;0;0;0;0;0,00;0;0;0,00;0,00;0;0;0,00;0,00;0,00;0,00
28156091724;Cartridge Canon 810 Black dan 811 Colour;Normal;0;-;45;70;8;18;41;0;7;8;15,56;0;0;0,00;0,00;0;0;0,00;0,00;0,00;0,00
28156091724;Cartridge Canon 810 Black dan 811 Colour;Normal;2,51252E+11;Hitam;0;0;0;0;0;0;4;4;0,00;0;0;0,00;0,00;0;0;0,00;0,00;0,00;0,00
28156091724;Cartridge Canon 810 Black dan 811 Colour;Normal;2,51252E+11;Warna (CMY);0;0;0;0;0;0;2;3;0,00;0;0;0,00;0,00;0;0;0,00;0,00;0,00;0,00
28156091724;Cartridge Canon 810 Black dan 811 Colour;Normal;2,51252E+11;Hitam + Warna (CMY);0;0;0;0;0;0;1;1;0,00;0;0;0,00;0,00;0;0;0,00;0,00;0,00;0,00
28156960431;ROBOT RT-BF10 Portable Fan, Powerbank 2000mAh Mini Fan Kipas Angin Mini;Normal;0;-;6;7;5;83;4;0;0;0;0,00;0;0;0,00;0,00;0;0;0,00;0,00;0,00;0,00
28157319170;Switch Hub 8 Port  Dahua PFS3008-8GT-L;Normal;0;-;10;14;6;60;3;0;1;1;10,00;0;0;0,00;0,00;0;0;0,00;0,00;0,00;0,00
28207990644;"HP Laptop 14s-dq5127TU i3 Silver i3-1215U / 14 FHD AG SVA 250 nits / 1x8 GB - 3200hz / 512GB / UMA / W11HM + OHS2021""""";Normal;0;-;11;19;5;45;3;0;2;2;18,18;0;0;0,00;0,00;0;0;0,00;0,00;0,00;0,00
28256701265;ASUS TUF A16 FA617NSR R7X2JLT O R7 7435HS 16GB 512SSD RX7600S W11 OHS;Normal;0;-;5;6;2;40;3;0;0;0;0,00;0;0;0,00;0,00;0;0;0,00;0,00;0,00;0,00
28256973672;Kabel Power Wintech 1.2m;Normal;0;-;2;3;1;50;1;0;1;1;50,00;0;0;0,00;0,00;0;0;0,00;0,00;0,00;0,00
28356740416;Acer A514-56P-59SK~Gray;Normal;0;-;56;88;23;41;44;0;4;9;7,14;0;0;0,00;0,00;0;0;0,00;0,00;0,00;0,00
28357581983;Asus Vivobook 14 A1404VA-VIPS751 /Core i7-1355U/8GB/512GB SSD/14? FHD IPS/Win 11 Home+OHS 2021/Quiet Blue;Normal;0;-;12;17;6;50;7;0;1;5;8,33;0;0;0,00;0,00;0;0;0,00;0,00;0,00;0,00
28404693008;Laptop HP 14s-dq5120TU i7-1255U 512GB SSD 16GB Win11+OHS;Normal;0;-;1;3;0;0;0;0;0;0;0,00;0;0;0,00;0,00;0;0;0,00;0,00;0,00;0,00
28406037286;Tinta Blueprint Original 100 ML Black and Color Untuk Printer Canon;Normal;0;-;4;6;1;25;0;0;0;0;0,00;0;0;0,00;0,00;0;0;0,00;0,00;0,00;0,00
28504687943;HP Printer Ink Tank 315 (Print, Scan, Copy) Printer Murah Multifungsi F4 Isi Ulang All In One;Normal;0;-;2;2;1;50;1;0;0;0;0,00;0;0;0,00;0,00;0;0;0,00;0,00;0,00;0,00
28559031846;CCTV Indoor 2MP Audio Hilook T120-PS;Normal;0;-;1;1;0;0;0;0;0;0;0,00;0;0;0,00;0,00;0;0;0,00;0,00;0,00;0,00
28606334647;Acer Aspire Lite AL14-31P-C0G4 Intel N100 8GB 512SSD WUXGA IPS W11 OHS;Normal;0;-;20;40;7;35;13;0;3;5;15,00;0;0;0,00;0,00;0;0;0,00;0,00;0,00;0,00
28706975884;Stand Holder Phone Tablet Holder Universal Transparent - ROBOT RT-US16;Normal;0;-;1;2;0;0;0;0;0;0;0,00;0;0;0,00;0,00;0;0;0,00;0,00;0,00;0,00
28754689516;Printer Epson L5290 Wi-Fi All-in-One Ink Tank Printer with ADF;Normal;0;-;11;14;6;55;10;0;0;0;0,00;0;0;0,00;0,00;0;0;0,00;0,00;0,00;0,00
28806975940;Panasonic TH-32LS600G Android TV 32 Inch;Normal;0;-;12;18;9;75;11;0;0;0;0,00;0;0;0,00;0,00;0;0;0,00;0,00;0,00;0,00
28807577606;Hp 14S dq3111TU N4500 8GB 512SSD 14.0HD Win11 OHS;Normal;0;-;13;35;5;38;4;0;1;1;7,69;0;0;0,00;0,00;0;0;0,00;0,00;0,00;0,00
28807585688;Asus VivoBook E1404GA-FHD351 Ci3-N305 8GB 512GB W11+OHS 14” FHD, Backlit KB, FP;Normal;0;-;2;3;1;50;0;0;0;0;0,00;0;0;0,00;0,00;0;0;0,00;0,00;0,00;0,00
28907319842;Tinta Epson 001 Hitam dan Warna;Normal;0;-;2;3;0;0;0;0;0;0;0,00;0;0;0,00;0,00;0;0;0,00;0,00;0,00;0,00
28907576527;Acer Nitro V 15 ANV15-51 5115 i5-13420H 8GB 512SSD RTX4050 W11 OHS;Normal;0;-;1;2;0;0;0;0;0;0;0,00;0;0;0,00;0,00;0;0;0,00;0,00;0,00;0,00
29006341393;ADVAN WORKPLUS AMD RYZEN 5 6600H 14'' FHD IPS 16GB 512GB Win 11;Normal;0;-;9;15;2;22;9;0;1;1;11,11;0;0;0,00;0,00;0;0;0,00;0,00;0,00;0,00
29108885310;Printer Ink Tank CANON PIXMA G3730 - Print Scan Copy - Printer Multifungsi;Normal;0;-;1;2;0;0;0;0;0;0;0,00;0;0;0,00;0,00;0;0;0,00;0,00;0,00;0,00
29154998130;LOGITECH MK220 WIRELESS USB KEYBOARD & MOUSE;Normal;0;-;8;18;4;50;3;0;1;6;12,50;0;0;0,00;0,00;0;0;0,00;0,00;0,00;0,00
29204695253;Laptop HP 14s-dq5115TU i3-1215U 512GB SSD 4GB Win11+OHS;Normal;0;-;6;20;3;50;1;0;1;1;16,67;0;0;0,00;0,00;0;0;0,00;0,00;0,00;0,00
29207325728;TPLink TL-SF1005D Switch 5 Port 10/100Mbps;Normal;0;-;4;7;2;50;0;0;0;0;0,00;0;0;0,00;0,00;0;0;0,00;0,00;0,00;0,00
29354815857;M-Tech SY- 7030 Original Mouse Wireless FREE Battery;Normal;0;-;6;15;1;17;5;0;3;13;50,00;0;0;0,00;0,00;0;0;0,00;0,00;0,00;0,00
29356340750;ACER Aspire 3 14 A314 36M 37EE Core i3 N305 8GB 512GB W11 OHS Silver;Normal;0;-;3;7;0;0;0;0;0;0;0,00;0;0;0,00;0,00;0;0;0,00;0,00;0,00;0,00
29356976223;PowerBank ROBOT 20000mah RT22 2.4A Dual Input Port Type C & Micro USB Original Fast Charging;Normal;0;-;13;21;7;54;10;0;2;2;15,38;0;0;0,00;0,00;0;0;0,00;0,00;0,00;0,00
29407574692;ACER ASPIRE 3 A314-42P-R7E5 : AMD R7-5700U, 16GB, 512SSD, 14 WUXGA;" W11 OHS21""""";Normal;0;-;9;12;6;67;6;0;0;0,00;0;0;0,00;0,00;0;0;0,00;0,00;0,00;0,00
29459031682;Camera CCTV Outdoor Hilook 2MP B120-PC;Normal;0;-;1;1;0;0;0;0;0;0;0,00;0;0;0,00;0,00;0;0;0,00;0,00;0,00;0,00
29556039117;Converter Type C to VGA;Normal;0;-;3;3;2;67;3;0;1;1;33,33;0;0;0,00;0,00;0;0;0,00;0,00;0,00;0,00
29556040531;Kabel Usb To Printer Wintech 1.5m;Normal;0;-;3;7;0;0;2;0;1;1;33,33;0;0;0,00;0,00;0;0;0,00;0,00;0,00;0,00
29604967384;Keyboard Standard USB M-Tech STK-01 Original;Normal;0;-;1;4;0;0;0;0;1;1;100,00;0;0;0,00;0,00;0;0;0,00;0,00;0,00;0,00
29656698651;Asus TUF A15 FA507NV-R746K6LM-O R7-7735HS 16GB 512SSD RTX4060 8GB 144Hz W11 OHS;Normal;0;-;20;37;11;55;11;0;2;3;10,00;0;0;0,00;0,00;0;0;0,00;0,00;0,00;0,00
29656699223;Asus TUF A15 FA506NF R525B3T-O R5-7535HS 16GB 512SSD RTX2050 W11 OHS;Normal;0;-;11;17;7;64;4;0;0;0;0,00;0;0;0,00;0,00;0;0;0,00;0,00;0,00;0,00
29657576522;Acer Aspire Lite AL14-31P-C3MH Intel N100 8GB 256SSD WUXGA IPS W11 OHS;Normal;0;-;6;7;4;67;2;0;0;0;0,00;0;0;0,00;0,00;0;0;0,00;0,00;0,00;0,00
29756975905;ROBOT M210S MOUSE WIRELESS;Normal;0;-;2;3;1;50;1;0;1;1;50,00;0;0;0,00;0,00;0;0;0,00;0,00;0,00;0,00
29806038395;Robot M100 Wired Mouse;Normal;0;-;3;5;1;33;1;0;2;2;66,67;0;0;0,00;0,00;0;0;0,00;0,00;0,00;0,00
29854688644;Epson L121 - Print Only Inktank - L series;Normal;0;-;5;12;4;80;4;0;0;0;0,00;0;0;0,00;0,00;0;0;0,00;0,00;0,00;0,00
29904654709;Laptop HP 245 G10 Ryzen 3 7320U 8GB RAM 256GB SSD Windows 11 14 Inch;Normal;0;-;21;77;9;43;8;0;4;12;19,05;0;0;0,00;0,00;0;0;0,00;0,00;0,00;0,00
25483232378;CATRIDGE HP 680 BLACK / COLOR ORIGINAL 100%;Normal;0;-;127;266;33;26;113;1;35;45;27,56;8;8;1656201,00;6,30;8;8;1656201,00;6,30;100,00;0,00
25483232378;CATRIDGE HP 680 BLACK / COLOR ORIGINAL 100%;Normal;2,56162E+11;Hitam;0;0;0;0;0;0;16;21;0,00;3;3;422250,00;0,00;3;3;422250,00;0,00;100,00;0,00
25483232378;CATRIDGE HP 680 BLACK / COLOR ORIGINAL 100%;Normal;2,56162E+11;Warna (CMY);0;0;0;0;0;0;6;6;0,00;1;1;139750,00;0,00;1;1;139750,00;0,00;100,00;0,00
25483232378;CATRIDGE HP 680 BLACK / COLOR ORIGINAL 100%;Normal;2,56162E+11;Hitam dan Warna;0;0;0;0;0;0;15;18;0,00;4;4;1094201,00;0,00;4;4;1094201,00;0,00;100,00;0,00
26861006374;Tinta Ink Tank Printer Brother| BT-D60BK BT-5000M BT-5000C BT-5000Y;Normal;0;-;20;37;7;35;17;0;3;11;15,00;1;7;1055340,00;5,00;1;7;1055340,00;5,00;100,00;66,67
26861006374;Tinta Ink Tank Printer Brother| BT-D60BK BT-5000M BT-5000C BT-5000Y;Normal;2,33211E+11;Hitam;0;0;0;0;0;0;3;8;0,00;1;6;636410,00;0,00;1;6;636410,00;0,00;100,00;50,00
26861006374;Tinta Ink Tank Printer Brother| BT-D60BK BT-5000M BT-5000C BT-5000Y;Normal;2,33211E+11;Hitam + CMYK;0;0;0;0;0;0;1;3;0,00;1;1;418930,00;0,00;1;1;418930,00;0,00;100,00;0,00
29110345951;Ezviz TY1 2MP  Smart Wifi Pan Tilt IP Camera CCTV Indoor 1080p;Normal;0;-;140;311;51;36;85;1;31;52;22,14;4;6;1667424,00;2,86;3;4;1104884,00;2,14;75,00;0,00
26760336870;Ezviz C6N 2MP Smart Wifi IP Camera Wifi CCTV Indoor;Normal;0;-;82;142;33;40;59;0;15;17;18,29;2;4;1288839,00;2,44;2;2;625117,00;2,44;100,00;0,00
28606096675;Tinta Epson 003 Hitam dan Warna;Normal;0;-;49;102;6;12;41;0;10;12;20,41;3;4;610504,00;6,12;3;3;519000,00;6,12;100,00;0,00
28606096675;Tinta Epson 003 Hitam dan Warna;Normal;2,41252E+11;Hitam;0;0;0;0;0;0;7;8;0,00;1;2;179004,00;0,00;1;1;87500,00;0,00;100,00;0,00
28606096675;Tinta Epson 003 Hitam dan Warna;Normal;2,41252E+11;Kuning;0;0;0;0;0;0;2;2;0,00;1;1;87500,00;0,00;1;1;87500,00;0,00;100,00;0,00
28606096675;Tinta Epson 003 Hitam dan Warna;Normal;2,41252E+11;Hitam + Warna (CMY);0;0;0;0;0;0;2;2;0,00;1;1;344000,00;0,00;1;1;344000,00;0,00;100,00;0,00
27154686667;Canon PIXMA MG2570S;Normal;0;-;142;206;77;54;106;1;17;20;11,97;1;3;2368386,00;0,70;1;1;789908,00;0,70;100,00;0,00
28804814343;CATRIDGE HP 678 BLACK / COLOR ORIGINAL 100%;Normal;0;-;14;20;3;21;4;0;3;4;21,43;2;3;881800,00;14,29;2;2;588200,00;14,29;100,00;0,00
28804814343;CATRIDGE HP 678 BLACK / COLOR ORIGINAL 100%;Normal;1,95228E+11;Hitam;0;0;0;0;0;0;1;1;0,00;0;0;0,00;0,00;0;0;0,00;0,00;0,00;0,00
28804814343;CATRIDGE HP 678 BLACK / COLOR ORIGINAL 100%;Normal;1,95228E+11;Hitam dan Warna;0;0;0;0;0;0;2;3;0,00;2;3;881800,00;0,00;2;2;588200,00;0,00;100,00;0,00
29954717517;Mouse Wireless Logitech M170;Normal;0;-;32;61;11;34;15;1;6;6;18,75;2;3;351100,00;6,25;2;3;351100,00;6,25;100,00;0,00
28861488511;SanDisk microSDHC Ultra 32GB UHS-I Class 10 (Up to 100MB/s);Normal;0;-;5;7;3;60;1;0;3;3;60,00;1;2;142726,00;20,00;1;1;71466,00;20,00;100,00;0,00
24383180403;Epson L3210 All In One - Print Scan Copy EcoTank Printer Multifungsi;Normal;0;-;178;309;73;41;161;0;31;39;17,42;1;1;2210000,00;0,56;0;0;0,00;0,00;0,00;0,00
27406093233;MOUSE LOGITECH B100;Normal;0;-;4;8;2;50;2;0;2;4;50,00;1;1;51350,00;25,00;1;1;51350,00;25,00;100,00;0,00
27806092548;CATRIDGE HP 682 BLACK / COLOR ORIGINAL 100%;Normal;0;-;22;43;9;41;14;0;4;5;18,18;1;1;153000,00;4,55;1;1;153000,00;4,55;100,00;0,00
27806092548;CATRIDGE HP 682 BLACK / COLOR ORIGINAL 100%;Normal;1,97673E+11;Hitam;0;0;0;0;0;0;1;2;0,00;1;1;153000,00;0,00;1;1;153000,00;0,00;100,00;0,00
27806092548;CATRIDGE HP 682 BLACK / COLOR ORIGINAL 100%;Normal;1,97673E+11;Hitam + Warna (CMY);0;0;0;0;0;0;3;3;0,00;0;0;0,00;0,00;0;0;0,00;0,00;0,00;0,00
28156091724;Cartridge Canon 810 Black dan 811 Colour;Normal;0;-;95;200;11;12;87;0;17;22;17,89;1;1;219500,00;1,05;0;0;0,00;0,00;0,00;0,00
28156091724;Cartridge Canon 810 Black dan 811 Colour;Normal;2,51252E+11;Hitam;0;0;0;0;0;0;8;9;0,00;1;1;219500,00;0,00;0;0;0,00;0,00;0,00;0,00
28156091724;Cartridge Canon 810 Black dan 811 Colour;Normal;2,51252E+11;Warna (CMY);0;0;0;0;0;0;6;10;0,00;0;0;0,00;0,00;0;0;0,00;0,00;0,00;0,00
28156091724;Cartridge Canon 810 Black dan 811 Colour;Normal;2,51252E+11;Hitam + Warna (CMY);0;0;0;0;0;0;3;3;0,00;0;0;0,00;0,00;0;0;0,00;0,00;0,00;0,00
28206343580;Tinta Canon Pixma 790 Black, Cyan, Magenta, Yellow Original;Normal;0;-;44;83;11;25;38;0;4;6;9,09;1;1;448500,00;2,27;1;1;448500,00;2,27;100,00;0,00
28206343580;Tinta Canon Pixma 790 Black, Cyan, Magenta, Yellow Original;Normal;2,15269E+11;Hitam + Warna (CMY);0;0;0;0;0;0;3;3;0,00;1;1;448500,00;0,00;1;1;448500,00;0,00;100,00;0,00
28206343580;Tinta Canon Pixma 790 Black, Cyan, Magenta, Yellow Original;Normal;2,15269E+11;Hitam;0;0;0;0;0;0;1;3;0,00;0;0;0,00;0,00;0;0;0,00;0,00;0,00;0,00
28559031846;CCTV Indoor 2MP Audio Hilook T120-PS;Normal;0;-;5;8;2;40;2;0;2;2;40,00;1;1;233762,00;20,00;1;1;233762,00;20,00;100,00;0,00
29057330395;Tinta Epson 664 Hitam dan Warna;Normal;0;-;10;26;2;20;4;0;3;3;30,00;1;1;93350,00;10,00;1;1;93350,00;10,00;100,00;0,00
29057330395;Tinta Epson 664 Hitam dan Warna;Normal;2,23079E+11;Hitam;0;0;0;0;0;0;2;2;0,00;1;1;93350,00;0,00;1;1;93350,00;0,00;100,00;0,00
29057330395;Tinta Epson 664 Hitam dan Warna;Normal;2,23079E+11;Magenta;0;0;0;0;0;0;1;1;0,00;0;0;0,00;0,00;0;0;0,00;0,00;0,00;0,00
29556040531;Kabel Usb To Printer Wintech 1.5m;Normal;0;-;7;16;2;29;3;0;3;5;42,86;1;1;21000,00;14,29;1;1;21000,00;14,29;100,00;0,00
24033264671;Flashdisk ROBOT RF108 8GB Rotatable;Normal;0;-;2;4;0;0;2;0;2;2;100,00;0;0;0,00;0,00;0;0;0,00;0,00;0,00;0,00
24083861305;Kabel Power Printer Wintech 1.2m;Normal;0;-;2;3;1;50;0;0;1;1;50,00;0;0;0,00;0,00;0;0;0,00;0,00;0,00;0,00
24236100493;SanDisk microSDHC Ultra Card 16GB (Up to 80MB/s);Normal;0;-;0;0;0;0;0;0;1;1;0,00;0;0;0,00;0,00;0;0;0,00;0,00;0,00;0,00
24335702180;Printer CANON PIXMA E410;Normal;0;-;20;33;6;30;16;0;2;2;10,00;0;0;0,00;0,00;0;0;0,00;0,00;0,00;0,00
24433156608;Laptop HP 14S-FQ1009AU (Silver) (Ryzen3-5300U, 4GB+4GB DDR4 512 GB PCIe NVMe™ M.2 SSD, NO ODD, 14 FHD IPS; Backlit Keyboard;" Win11 + OHS)""""";Normal;0;-;10;20;3;30;2;0;3,00;3;30;0,00;0,00;0;0;0,00;0,00;0,00;0,00
24535906614;Adaptor Dell Latitude 7370 7280 7480 5480 7275 5290 7490 TYPE-C;Normal;0;-;8;17;2;25;4;0;3;3;37,50;0;0;0,00;0,00;0;0;0,00;0,00;0,00;0,00
24683860832;Cartridge Canon 745s dan 746s Original 100%;Normal;0;-;24;31;6;25;15;0;3;3;12,50;0;0;0,00;0,00;0;0;0,00;0,00;0,00;0,00
24683860832;Cartridge Canon 745s dan 746s Original 100%;Normal;1,08412E+11;Hitam;0;0;0;0;0;0;1;1;0,00;0;0;0,00;0,00;0;0;0,00;0,00;0,00;0,00
24683860832;Cartridge Canon 745s dan 746s Original 100%;Normal;1,08412E+11;Hitam + Warna (CMY);0;0;0;0;0;0;2;2;0,00;0;0;0,00;0,00;0;0;0,00;0,00;0,00;0,00
24933935477;COOLING PAD VOXY N32;Normal;0;-;4;4;2;50;3;0;0;0;0,00;0;0;0,00;0,00;0;0;0,00;0,00;0,00;0,00
24934012231;LED TV AKARI AT-5532B Android Smart TV 32 Inc With Bluetooth;Normal;0;-;5;7;4;80;4;0;0;0;0,00;0;0;0,00;0,00;0;0;0,00;0,00;0,00;0,00
24935698637;Ezviz H8c Outdoor CCTV Pan & Tilt Wifi IP Camera Auto Tracking 1080p;Normal;0;-;7;17;3;43;3;0;0;0;0,00;0;0;0,00;0,00;0;0;0,00;0,00;0,00;0,00
25033327574;Logitech MK120 Combo Keyboard dan Mouse Kabel USB;Normal;0;-;1;1;0;0;0;0;0;0;0,00;0;0;0,00;0,00;0;0;0,00;0,00;0,00;0,00
25135349388;HP Smart Tank 210;Normal;0;-;2;9;0;0;1;0;1;2;50,00;0;0;0,00;0,00;0;0;0,00;0,00;0,00;0,00
25184188930;Asus TUF A15 FA507UV-R946K9M-O R9-8945H 16GB 1TB SSD RTX4060 8GB W11;Diarsipkan;0;-;2;2;0;0;1;0;0;0;0,00;0;0;0,00;0,00;0;0;0,00;0,00;0,00;0,00
25335698538;Ezviz CB3 2MP Outdoor Smart CCTV IP Camera;Normal;0;-;3;3;1;33;1;1;0;0;0,00;0;0;0,00;0,00;0;0;0,00;0,00;0,00;0,00
25434603606;Acer Aspire Lite AL14-51M-58U1 i5-1235U 16GB 512SSD 14? WUXGA IPS W11 OHS;Normal;0;-;11;12;5;45;1;0;0;0;0,00;0;0;0,00;0,00;0;0;0,00;0,00;0,00;0,00
26059205357;Camera CCTV indoor Hilook 2MP ColorVU T127-P;Normal;0;-;4;4;1;25;1;0;1;1;25,00;0;0;0,00;0,00;0;0;0,00;0,00;0,00;0,00
26060488534;Ezviz H1c Smart Home Wifi IP Camera Indoor CCTV Type C;Normal;0;-;2;5;0;0;0;0;0;0;0,00;0;0;0,00;0,00;0;0;0,00;0,00;0,00;0,00
26105230229;Mousepad dengan bantalan polos Ning Bo;Normal;0;-;7;9;5;71;3;0;1;1;14,29;0;0;0,00;0,00;0;0;0,00;0,00;0,00;0,00
26106045037;Asus Vivobook Go 14 E1404FA-FHD554 R5-7520U 8GB 512SSD FHD W11 OHS;Normal;0;-;14;19;7;50;2;0;0;0;0,00;0;0;0,00;0,00;0;0;0,00;0,00;0,00;0,00
26107585699;ASUS VIVOBOOK 14 A1404VA-VIPS551 CORE I5 1335U,8GB, 512GB , 14 INCH, WIN 11 OHS21;Normal;0;-;6;13;1;17;3;0;1;1;16,67;0;0;0,00;0,00;0;0;0,00;0,00;0,00;0,00
26110699044;WiFi Range Extender TP-LINK TL-WA855RE 300Mbps;Normal;0;-;2;5;0;0;0;0;1;2;50,00;0;0;0,00;0,00;0;0;0,00;0,00;0,00;0,00
26210337946;"Lenovo IP3 Slim 3 CUID CVID CWID i3 1215U 8GB/256GB SSD/14FHD W11 OHS""""";Normal;0;-;2;2;1;50;0;0;0;0;0,00;0;0;0,00;0,00;0;0;0,00;0,00;0,00;0,00
26257581877;Acer Nitro V15 ANV15-51-901S i9-13900H 16GB 512SSD RTX4060 8GB FHD 144Hz W11 OHS;Normal;0;-;8;8;4;50;8;0;0;0;0,00;0;0;0,00;0,00;0;0;0,00;0,00;0,00;0,00
26454685209;Printer Ink Tank CANON PIXMA G2010 - Print Scan Copy - Printer Multifungsi;Normal;0;-;1;1;0;0;1;0;0;0;0,00;0;0;0,00;0,00;0;0;0,00;0,00;0,00;0,00
26560342901;Lenovo V14 G3 APID i5-1235U 8GB 512SSD 14? FHD IPS W11 OHS;Normal;0;-;2;3;1;50;1;0;0;0;0,00;0;0;0,00;0,00;0;0;0,00;0,00;0,00;0,00
26560347874;Asus Vivobook Go 14 E410KA FHD426 FHD429 Intel N4500 8GB 256GB SSD 14? FHD W11 OHS;Normal;0;-;14;15;8;57;8;0;0;0;0,00;0;0;0,00;0,00;0;0;0,00;0,00;0,00;0,00
26661885494;Ezviz Wallmount Bracket Smart IP Camera Indoor CCTV;Normal;0;-;12;17;3;25;6;0;6;6;50,00;0;0;0,00;0,00;0;0;0,00;0,00;0,00;0,00
26706338759;Acer Aspire 5 Slim A514-56P-57Q8 i5-1335U 8GB 512SSD WUXGA W11 OHS;Normal;0;-;7;8;2;29;4;0;0;0;0,00;0;0;0,00;0,00;0;0;0,00;0,00;0,00;0,00
26759032064;DVR CCTV Hilook 2MP 16CH 216G-M1;Normal;0;-;1;1;0;0;1;0;0;0;0,00;0;0;0,00;0,00;0;0;0,00;0,00;0,00;0,00
26859380437;Printer HP Deskjet 2335;Normal;0;-;3;4;0;0;3;0;0;0;0,00;0;0;0,00;0,00;0;0;0,00;0,00;0,00;0,00
26904967057;M-Tech Keyboard PC Laptop Mini Multimedia MTK 02;Normal;0;-;3;3;2;67;3;0;0;0;0,00;0;0;0,00;0,00;0;0;0,00;0,00;0,00;0,00
27006042212;Asus Vivobook Go 14 E1404FA-FHD321 R3-7320U 8GB 256SSD W11 OHS;Normal;0;-;19;34;8;42;10;0;0;0;0,00;0;0;0,00;0,00;0;0;0,00;0,00;0,00;0,00
27010342962;"HP 14S-DQ3127TU N4500 4GB SSD 512GB UMA 14 LED HD WIN11+OHS""""";Normal;0;-;3;4;1;33;2;0;0;0;0,00;0;0;0,00;0,00;0;0;0,00;0,00;0,00;0,00
27056040041;USB Hub 3.0 4 Port;Normal;0;-;1;1;0;0;0;0;0;0;0,00;0;0;0,00;0,00;0;0;0,00;0,00;0,00;0,00
27106039687;Asus VivoBook 14 A416MAO-FHD426 Grey Intel  N4020 8GB 256SSD FHD W11 OHS;Normal;0;-;5;6;2;40;2;0;0;0;0,00;0;0;0,00;0,00;0;0;0,00;0,00;0,00;0,00
27154998235;Keyboard Kabel USB Logitech K120 Original;Normal;0;-;1;1;0;0;0;0;0;0;0,00;0;0;0,00;0,00;0;0;0,00;0,00;0,00;0,00
27209036055;Camera CCTV Indoor Hilook 2MP T120-PC;Normal;0;-;3;5;0;0;3;0;1;1;33,33;0;0;0,00;0,00;0;0;0,00;0,00;0,00;0,00
27307989853;"HP 240 G8 Core i3-1115G4 4GB 256GB SSD 14 Windows 11""""";Normal;0;-;7;7;4;57;4;0;0;0;0,00;0;0;0,00;0,00;0;0;0,00;0,00;0,00;0,00
27456039368;Asus Vivobook A1400EA-FHD7523 Pentium Gold 7505 4GB 256SSD W11;Normal;0;-;1;1;0;0;1;0;0;0;0,00;0;0;0,00;0,00;0;0;0,00;0,00;0,00;0,00
27461000086;Printer Brother DCP-T220 Inkjet Multi-function Printer - NEW SERIES;Normal;0;-;2;3;0;0;1;0;1;1;50,00;0;0;0,00;0,00;0;0;0,00;0,00;0,00;0,00
27507321954;Dlink Switch Hub 16-Port Desktop LAN D-Link DES-1016A;Normal;0;-;2;5;0;0;1;0;0;0;0,00;0;0;0,00;0,00;0;0;0,00;0,00;0,00;0,00
27706339381;ADVAN Workpro i5-1035G7 8GB 256GB SSD FHD IPS W11;Normal;0;-;16;23;6;38;12;0;2;2;12,50;0;0;0,00;0,00;0;0;0,00;0,00;0,00;0,00
27707326556;Switch Hub 8 Port  Dahua PFS3008-8ET-L;Normal;0;-;1;1;0;0;0;0;0;0;0,00;0;0;0,00;0,00;0;0;0,00;0,00;0,00;0,00
27804882484;FLASHDISK DAP 16GB;Normal;0;-;1;2;0;0;0;0;0;0;0,00;0;0;0,00;0,00;0;0;0,00;0,00;0,00;0,00
27859380845;HP Smart Tank 500 All-in-One Printer - Print, Scan, Copy;Normal;0;-;2;15;0;0;2;0;1;4;50,00;0;0;0,00;0,00;0;0;0,00;0,00;0,00;0,00
28006038134;Kabel Power Adapter Wintech 1.2m;Normal;0;-;4;6;2;50;1;0;1;1;25,00;0;0;0,00;0,00;0;0;0,00;0,00;0,00;0,00
28155224921;Tinta Data Print Canon DP-40 Hitam/ DP-41 Warna;Normal;0;-;8;13;4;50;4;0;1;2;12,50;0;0;0,00;0,00;0;0;0,00;0,00;0,00;0,00
28155224921;Tinta Data Print Canon DP-40 Hitam/ DP-41 Warna;Normal;2,07649E+11;Hitam;0;0;0;0;0;0;1;2;0,00;0;0;0,00;0,00;0;0;0,00;0,00;0,00;0,00
28157319170;Switch Hub 8 Port  Dahua PFS3008-8GT-L;Normal;0;-;1;1;0;0;0;0;0;0;0,00;0;0;0,00;0,00;0;0;0,00;0,00;0,00;0,00
28205227301;Tinta Data Print HP DP-27 / DP-28;Normal;0;-;10;16;2;20;7;0;2;2;20,00;0;0;0,00;0,00;0;0;0,00;0,00;0,00;0,00
28205227301;Tinta Data Print HP DP-27 / DP-28;Normal;2,5119E+11;Hitam + Warna (CMY);0;0;0;0;0;0;1;1;0,00;0;0;0,00;0,00;0;0;0,00;0,00;0,00;0,00
28205227301;Tinta Data Print HP DP-27 / DP-28;Normal;2,5119E+11;Hitam;0;0;0;0;0;0;1;1;0,00;0;0;0,00;0,00;0;0;0,00;0,00;0,00;0,00
28207990644;"HP Laptop 14s-dq5127TU i3 Silver i3-1215U / 14 FHD AG SVA 250 nits / 1x8 GB - 3200hz / 512GB / UMA / W11HM + OHS2021""""";Normal;0;-;3;6;1;33;2;0;2;2;66,67;0;0;0,00;0,00;0;0;0,00;0,00;0,00;0,00
28256701265;ASUS TUF A16 FA617NSR R7X2JLT O R7 7435HS 16GB 512SSD RX7600S W11 OHS;Normal;0;-;6;7;4;67;3;0;0;0;0,00;0;0;0,00;0,00;0;0;0,00;0,00;0,00;0,00
28256973672;Kabel Power Wintech 1.2m;Normal;0;-;1;1;0;0;0;0;0;0;0,00;0;0;0,00;0,00;0;0;0,00;0,00;0,00;0,00
28260340446;Printer Canon PIXMA G1730 Colour Print Inktank Tabung;Normal;0;-;8;11;3;38;4;0;2;2;25,00;0;0;0,00;0,00;0;0;0,00;0,00;0,00;0,00
28356740416;Acer A514-56P-59SK~Gray;Normal;0;-;1;1;0;0;0;0;0;0;0,00;0;0;0,00;0,00;0;0;0,00;0,00;0,00;0,00
28357581983;Asus Vivobook 14 A1404VA-VIPS751 /Core i7-1355U/8GB/512GB SSD/14? FHD IPS/Win 11 Home+OHS 2021/Quiet Blue;Normal;0;-;5;6;3;60;2;0;0;0;0,00;0;0;0,00;0,00;0;0;0,00;0,00;0,00;0,00
28406037286;Tinta Blueprint Original 100 ML Black and Color Untuk Printer Canon;Normal;0;-;2;2;1;50;0;0;0;0;0,00;0;0;0,00;0,00;0;0;0,00;0,00;0,00;0,00
28411000338;Printer Brother DCP-T420W Inkjet Multi-function + WiFi Printer - NEW SERIES;Normal;0;-;3;4;0;0;2;0;0;0;0,00;0;0;0,00;0,00;0;0;0,00;0,00;0,00;0,00
28460338128;Lenovo IP1 Slim 1i 8BID Celeron N4020 8GB 512SSD HD W11 OHS GREY;Normal;0;-;12;20;4;33;9;0;1;1;8,33;0;0;0,00;0,00;0;0;0,00;0,00;0,00;0,00
28504687943;HP Printer Ink Tank 315 (Print, Scan, Copy) Printer Murah Multifungsi F4 Isi Ulang All In One;Normal;0;-;26;31;25;96;1;0;0;0;0,00;0;0;0,00;0,00;0;0;0,00;0,00;0,00;0,00
28510341505;Ezviz H6c Pro 2MP Smart Wifi Pan Tilt IP Camera CCTV Indoor 1080p;Normal;0;-;22;47;8;36;13;0;1;1;4,55;0;0;0,00;0,00;0;0;0,00;0,00;0,00;0,00
28606334647;Acer Aspire Lite AL14-31P-C0G4 Intel N100 8GB 512SSD WUXGA IPS W11 OHS;Normal;0;-;11;16;5;45;5;0;1;1;9,09;0;0;0,00;0,00;0;0;0,00;0,00;0,00;0,00
28754689516;Printer Epson L5290 Wi-Fi All-in-One Ink Tank Printer with ADF;Normal;0;-;3;3;2;67;0;0;0;0;0,00;0;0;0,00;0,00;0;0;0,00;0,00;0,00;0,00
28761005731;Printer Brother DCP-T520W Inkjet Wireless Multi-function Printer - NEW SERIES;Normal;0;-;3;3;1;33;0;0;0;0;0,00;0;0;0,00;0,00;0;0;0,00;0,00;0,00;0,00
28806975940;Panasonic TH-32LS600G Android TV 32 Inch;Normal;0;-;2;4;1;50;2;0;0;0;0,00;0;0;0,00;0,00;0;0;0,00;0,00;0,00;0,00
28807577606;Hp 14S dq3111TU N4500 8GB 512SSD 14.0HD Win11 OHS;Normal;0;-;17;32;6;35;10;0;2;2;11,76;0;0;0,00;0,00;0;0;0,00;0,00;0,00;0,00
28807585688;Asus VivoBook E1404GA-FHD351 Ci3-N305 8GB 512GB W11+OHS 14” FHD, Backlit KB, FP;Normal;0;-;15;19;9;60;1;0;0;0;0,00;0;0;0,00;0,00;0;0;0,00;0,00;0,00;0,00
28907319842;Tinta Epson 001 Hitam dan Warna;Normal;0;-;3;6;0;0;3;0;0;0;0,00;0;0;0,00;0,00;0;0;0,00;0,00;0,00;0,00
28909031701;DVR CCTV Hilook 2MP 8CH 208G-M1;Normal;0;-;3;6;0;0;2;0;1;1;33,33;0;0;0,00;0,00;0;0;0,00;0,00;0,00;0,00
29006341393;ADVAN WORKPLUS AMD RYZEN 5 6600H 14'' FHD IPS 16GB 512GB Win 11;Normal;0;-;14;19;9;64;7;0;2;2;14,29;0;0;0,00;0,00;0;0;0,00;0,00;0,00;0,00
29108885310;Printer Ink Tank CANON PIXMA G3730 - Print Scan Copy - Printer Multifungsi;Normal;0;-;4;4;3;75;2;0;0;0;0,00;0;0;0,00;0,00;0;0;0,00;0,00;0,00;0,00
29154686851;Printer Canon PIXMA IP2770;Normal;0;-;2;6;0;0;1;0;1;1;50,00;0;0;0,00;0,00;0;0;0,00;0,00;0,00;0,00
29154998130;LOGITECH MK220 WIRELESS USB KEYBOARD & MOUSE;Normal;0;-;3;5;2;67;1;0;0;0;0,00;0;0;0,00;0,00;0;0;0,00;0,00;0,00;0,00
29204695253;Laptop HP 14s-dq5115TU i3-1215U 512GB SSD 4GB Win11+OHS;Normal;0;-;12;31;3;25;3;0;4;6;33,33;0;0;0,00;0,00;0;0;0,00;0,00;0,00;0,00
29354815857;M-Tech SY- 7030 Original Mouse Wireless FREE Battery;Normal;0;-;4;7;2;50;2;0;2;2;50,00;0;0;0,00;0,00;0;0;0,00;0,00;0,00;0,00
29356094430;Tinta HP GT52 Yellow, Cyan dan Magenta;Normal;0;-;1;1;0;0;0;0;0;0;0,00;0;0;0,00;0,00;0;0;0,00;0,00;0,00;0,00
29407574692;ACER ASPIRE 3 A314-42P-R7E5 : AMD R7-5700U, 16GB, 512SSD, 14 WUXGA;" W11 OHS21""""";Normal;0;-;3;4;1;33;0;0;0;0,00;0;0;0,00;0,00;0;0;0,00;0,00;0,00;0,00
29456042055;ASUS Vivobook 14 A1404ZA IPS321 Core i3 1215U 8GB 256GB;Normal;0;-;68;119;22;32;57;0;16;20;23,53;0;0;0,00;0,00;0;0;0,00;0,00;0,00;0,00
29459031682;Camera CCTV Outdoor Hilook 2MP B120-PC;Normal;0;-;3;4;2;67;1;0;0;0;0,00;0;0;0,00;0,00;0;0;0,00;0,00;0,00;0,00
29604967384;Keyboard Standard USB M-Tech STK-01 Original;Normal;0;-;2;2;0;0;2;0;1;1;50,00;0;0;0,00;0,00;0;0;0,00;0,00;0,00;0,00
29610335249;PRINTER EPSON ALL IN ONE L3250 (PRINT,SCAN,COPY,WIFI);Normal;0;-;5;35;1;20;2;0;1;1;20,00;0;0;0,00;0,00;0;0;0,00;0,00;0,00;0,00
29656698651;Asus TUF A15 FA507NV-R746K6LM-O R7-7735HS 16GB 512SSD RTX4060 8GB 144Hz W11 OHS;Normal;0;-;11;18;4;36;1;0;0;0;0,00;0;0;0,00;0,00;0;0;0,00;0,00;0,00;0,00
29657576522;Acer Aspire Lite AL14-31P-C3MH Intel N100 8GB 256SSD WUXGA IPS W11 OHS;Normal;0;-;15;18;5;33;7;0;1;1;6,67;0;0;0,00;0,00;0;0;0,00;0,00;0,00;0,00
29756975905;ROBOT M210S MOUSE WIRELESS;Normal;0;-;1;1;0;0;0;0;0;0;0,00;0;0;0,00;0,00;0;0;0,00;0,00;0,00;0,00
29759376782;HP Ink Tank 115 Print Only;Normal;0;-;1;1;0;0;1;0;0;0;0,00;0;0;0,00;0,00;0;0;0,00;0,00;0,00;0,00
29806038395;Robot M100 Wired Mouse;Normal;0;-;4;7;3;75;1;0;1;2;25,00;0;0;0,00;0,00;0;0;0,00;0,00;0,00;0,00
29854688644;Epson L121 - Print Only Inktank - L series;Normal;0;-;2;2;0;0;2;0;0;0;0,00;0;0;0,00;0,00;0;0;0,00;0,00;0,00;0,00
29904654709;Laptop HP 245 G10 Ryzen 3 7320U 8GB RAM 256GB SSD Windows 11 14 Inch;Normal;0;-;4;4;2;50;2;0;0;0;0,00;0;0;0,00;0,00;0;0;0,00;0,00;0,00;0,00
